{"cameraMode":{"drawMode":0,"name":"Shaded","section":"Shading Mode"},"sceneLighting":true,"audioPlay":false,"sceneViewState":{"m_AlwaysRefresh":false,"showFog":true,"showSkybox":true,"showFlares":true,"showImageEffects":true,"showParticleSystems":true,"showVisualEffectGraphs":true,"m_FxEnabled":true},"in2DMode":false,"pivot":{"x":-0.4571399986743927,"y":-0.021782828494906427,"z":1.9799294471740723},"rotation":{"x":-0.1983596533536911,"y":0.2843612730503082,"z":-0.06023818254470825,"w":-0.93608158826828},"size":1.4593108892440797,"orthographic":false}