{"cameraMode":{"drawMode":0,"name":"Shaded","section":"Shading Mode"},"sceneLighting":true,"audioPlay":false,"sceneViewState":{"m_AlwaysRefresh":false,"showFog":true,"showSkybox":true,"showFlares":true,"showImageEffects":true,"showParticleSystems":true,"showVisualEffectGraphs":true,"m_FxEnabled":true},"in2DMode":false,"pivot":{"x":0.07600400596857071,"y":1.358396291732788,"z":2.4284677505493166},"rotation":{"x":-0.21391156315803529,"y":0.04581516981124878,"z":-0.010025429539382458,"w":-0.9757643938064575},"size":2.3594110012054445,"orthographic":false}