{"cameraMode":{"drawMode":0,"name":"Shaded","section":"Shading Mode"},"sceneLighting":true,"audioPlay":false,"sceneViewState":{"m_AlwaysRefresh":false,"showFog":true,"showSkybox":true,"showFlares":true,"showImageEffects":true,"showParticleSystems":true,"showVisualEffectGraphs":true,"m_FxEnabled":true},"in2DMode":false,"pivot":{"x":3.3177785873413088,"y":5.501521110534668,"z":3.2092056274414064},"rotation":{"x":-0.03440320864319801,"y":0.9636202454566956,"z":-0.15334367752075196,"w":-0.21619172394275666},"size":7.287914276123047,"orthographic":false}